id,RegDate,last_name,first_name,email,phone_number,address,city,state,zipode
"281,12/18/08 16:50,Dayananda,John,kyllacamerak@jumpstartlab.com,5027410000,513 Emery Rd.,Louisville,KY,40206"
"441,12/19/08 18:50,Dowd,John,sellistarena@jumpstartlab.com,7243443000,203 E. Neshannock,NewWilmington,PA,16142"
"792,1/15/09 18:01,Buckner,John,hhrosl08@jumpstartlab.com,9193895000,101 Stadium Drive,ChapelHill,NC,27514"
"922,1/19/09 19:40,Bishop,John,dpichard@jumpstartlab.com,9085280000,198 College Hill Road,Clinton,NY,13323"
"932,1/19/09 20:03,Cooray,John,emcallum@jumpstartlab.com,4402219000,46 East Green Street (Room 449),Athens,OH,45701"
"1049,1/20/09 20:38,Huber,John,nileyd@jumpstartlab.com,3016897000,60 Pershing St,Cumberland,MD,21521"
"1206,1/20/09 23:32,Hall,John,rmates6601@jumpstartlab.com,5087521000,266 Olean St.,Worcester,MA,01602"
"1237,1/20/09 23:57,Klar,John,cyaison@jumpstartlab.com,6512141000,1315 Bowen Court,Madison,WI,53715"
"1278,1/21/09 1:22,Honani,John,jtmiller@jumpstartlab.com,2392468000,586 Asbury Crircle,Atlanta,GA,30322"
"1289,1/21/09 8:34,Mclaughlin,John,shrnisar@jumpstartlab.com,9148821000,701 moore ave box 1207,Lewisburg,PA,17837"
"1400,1/21/09 15:44,White,John,jlex.vlasic@jumpstartlab.com,3036532000,601 First St,Ithaca,NY,14850"
"1505,1/21/09 17:18,Dolstad,John,evff.bessette@jumpstartlab.com,7164001000,8345 Clarnew Dr.,EastAmherst,NY,14051"
"1610,1/21/09 19:23,Wikler,John,ick15@jumpstartlab.com,3365292000,510 Straffordshire Rd.,WinstonSalem,NC,27104"
"1628,1/21/09 19:35,Venegas,John,renielgr@jumpstartlab.com,6075920000,881 Boswick,Ithaca,NY,14850"
"1660,1/21/09 20:08,Copenhaver,John,oteastes@jumpstartlab.com,6313576000,426 5th Street,EastNorthport,NY,11731"
"1763,1/21/09 20:51,Bigwood,John,vpm.odonnell@jumpstartlab.com,4042185000,roanoke college,Salem,VA,24153"
"1766,1/21/09 20:52,Sharrow,John,gqix.haber@jumpstartlab.com,+27797440000,86 7th Ave, Melville,,Johannesburg,SouthAfrica,PW,00000"
"1770,1/21/09 20:54,Ng,John,gcrinemea77@jumpstartlab.com,323703000,1145 laurel st,SantaCruz,CA,95060"
"1816,1/21/09 21:10,Eller,John,hxshifle@jumpstartlab.com,6092717000,1056 Frist Center,Princeton,NJ,08544"
"1841,1/21/09 21:21,White,John,obtrinah@jumpstartlab.com,6153375000,1714 Grand Ave. Apt. 124,Knoxville,TN,37916"
"1888,1/21/09 21:39,Cannon,John,fdmiller@jumpstartlab.com,9193575000,College St.,Boone,NC,28607"
"2023,1/21/09 22:27,Tough,John,je_bro1@jumpstartlab.com,5414303000,1250 NW 23rd Street Apt 8,Corvallis,OR,97330"
"2046,1/21/09 22:33,Kerner,John,jil6@jumpstartlab.com,5852011000,Frist,Princeton,NJ,08544"
"2109,1/21/09 22:46,Fink,John,stiorio@jumpstartlab.com,3213215000,16800 Point Lookout Rd.,St.Mary'sCity,MD,20686"
"2147,1/21/09 22:53,Mcmeekin,John,idnielsaintfelix@jumpstartlab.com,3362028000,1 university hts,Asheville,NC,28804"
"2183,1/21/09 23:00,Jahne,John,qyieff@jumpstartlab.com,5555555000,16800 Point lookout rd,StMarysCity,MD,20686"
"2309,1/21/09 23:42,Regan,John,sfnghandong@jumpstartlab.com,2485354000,1815 Harvard Yard Mail Ctr,Cambridge,MA,02138"
"2345,1/21/09 23:48,Freer,John,oynko1721@jumpstartlab.com,7579713000,510 E. 7th Ave.,Tallahassee,FL,32303"
"2363,1/21/09 23:52,Bicknell,John,lqhfksfklgKLJGRskj@jumpstartlab.com,7579713000,510 E. 7th Ave.,Tallahassee,FL,32303"
"2396,1/22/09 0:02,Jacobi,John,tyneskaroluk@jumpstartlab.com,7036254000,600 Ukrop Way,Williamsburg,VA,23185"
"2509,1/22/09 0:52,Judkins,John,mjjones7@jumpstartlab.com,6172908000,25 Cathy Road,Chelmsford,MA,01824"
"2553,1/22/09 15:23,Wasserman,John,flintessential_reflection@jumpstartlab.com,8283800000,2437 Paresky,Williamstown,MA,01267"
"2631,1/25/09 23:17,Begay,John,anhevalier@jumpstartlab.com,7032315000,2515 N. Winchester St,Arlington,VA,22213"
"2788,1/28/09 14:58,Rivera,John,wxma.jones@jumpstartlab.com,5706375000,400 East Second St.,Bloomsburg,PA,17815"
"2804,1/28/09 15:58,Gassam,John,vmug.bojack@jumpstartlab.com,4843254000,400 East Second St.,Bloomsburg,PA,17815"
"2850,1/29/09 12:23,Gans,John,kgtrano@jumpstartlab.com,9195383000,UNCW Station CB# 20360,Wilmington,NC,28407"
"2854,1/29/09 13:20,Kidder,John,gmk1@jumpstartlab.com,5404470000,1203 Jamestown Road, Apt B4,Williamsburg,VA,23185"
"2872,1/29/09 14:41,Gallagher,John,llarunchia001@jumpstartlab.com,8459887000,71-72 162ND ST,FreshMeadows,NY,11365"
"2899,1/29/09 15:23,Walker,John,uaazarus@jumpstartlab.com,9732706000,203 south willard st,Bulington,VT,05401"
"3030,1/30/09 11:21,Westwood,John,ngelacolwell@jumpstartlab.com,6173650000,3301 n charles st.,Baltimore,MD,21218"
"3035,1/30/09 11:29,Asher,John,xlm2@jumpstartlab.com,2164020000,328 Houston Hall, Tufts University,Medford,MA,02155"
"3084,1/30/09 12:34,Desanctis,John,vngallag@jumpstartlab.com,3028587000,1501 Lakeside Dr,Lynchburg,VA,24501"
"3189,1/30/09 15:04,Loftis,John,jninr5467@jumpstartlab.com,3362028000,1 university hts,Asheville,NC,28804"
"3275,1/30/09 16:50,Macdonald,John,ejeliaT@jumpstartlab.com,8655851000,512 E Watauga Ave,JohnsonCity,TN,37604"
"3500,1/31/09 14:30,Raiho,John,gpn@jumpstartlab.com,7183054000,272 Danforth St.,Portland,ME,04102"
"3537,1/31/09 15:24,Tuck,John,tbolkart@jumpstartlab.com,7183054000,7911 Mayflower Hill,Waterville,ME,04901"
"3553,1/31/09 15:35,Popovitch,John,clorzana@jumpstartlab.com,7163927000,1112 Harvard Yard Mail Center,Cambridge,MA,02138"
"3758,1/31/09 19:05,Catsos,John,vqlochowr@jumpstartlab.com,2313574000,239 Oakhill,EastLansing,MI,48823"
"3831,1/31/09 20:41,Stork,John,pmilla10@jumpstartlab.com,7128983000,303 Welch Ave,Ames,IA,50014"
"3962,1/31/09 23:45,Abdulkarim,John,iwbaugh@jumpstartlab.com,2157434000,1434 Elbridge St,Philadelphia,PA,19149"
"4122,2/1/09 14:45,Dubose,John,leonia@jumpstartlab.com,7183054000,140 Stratford Ave,Pittsburgh,PA,15206"
"4159,2/1/09 15:44,Zeller,John,eyudartj@jumpstartlab.com,8057662000,1608 Rhode Island Ave, NW,Washington,DC,20036"
"4243,2/1/09 17:12,Farshchi,John,kjerations@jumpstartlab.com,3042908000,8 1/2 Charleston,Morgantown,WV,26501"
"4280,2/1/09 17:47,Fox,John,lqn1@jumpstartlab.com,7168689000,350 Student Union, University at Buffalo,Buffalo,NY,14260"
"4415,2/1/09 19:39,Alexander,John,ep.collier@jumpstartlab.com,5128267000,Academy,Kalamazoo,MI,49006"
"4447,2/1/09 19:58,Rosenkvist,John,qpancey@jumpstartlab.com,0,64654654,Wilmington,NC,28403"
"4464,2/1/09 20:07,Corkins,John,kjya.courtney@jumpstartlab.com,9143204000,Bates,Lewiston,ME,04240"
"4637,2/1/09 21:28,Kittner,John,vfvaruss_campbell@jumpstartlab.com,7038620000,CSU 3873 PO Box 8793,Williamsburg,VA,23185"
"4734,2/1/09 22:06,Dyment,John,lqeisler@jumpstartlab.com,6068624000,216 Johnson Addition,London,KY,40741"
"4921,2/1/09 23:30,Mceachern,John,lqorej8@jumpstartlab.com,9143251000,1 Rivermere, Apt. 1B,Bronxville,NY,10708"
"5058,2/2/09 0:28,Wells,John,slnielleariel@jumpstartlab.com,5854512000,2 Vineyard Hill,Fairport,NY,14450"
"5090,2/2/09 1:33,Dowley,John,bx14@jumpstartlab.com,5748505000,2219 Ward St,Berkeley,CA,94705"
